{"properties": [
  {
    "name": "derby.hostname",
    "type": "java.lang.String",
    "description": "A description for 'derby.hostname'"
  },
  {
    "name": "derby.port1",
    "type": "java.lang.String",
    "description": "A description for 'derby.port1'"
  },
  {
    "name": "derby.port2",
    "type": "java.lang.String",
    "description": "A description for 'derby.port2'"
  },
  {
    "name": "derby.port3",
    "type": "java.lang.String",
    "description": "A description for 'derby.port3'"
  },
  {
    "name": "derby.port4",
    "type": "java.lang.String",
    "description": "A description for 'derby.port4'"
  },
  {
    "name": "derby.port5",
    "type": "java.lang.String",
    "description": "A description for 'derby.port5'"
  }
]}